Disease,Fever,Cough,Fatigue,Difficulty Breathing,Age,Gender,Blood Pressure,Cholesterol Level,Outcome Variable
Pneumonia,Yes,Yes,Yes,Yes,35,Male,Normal,Normal,Positive
Psoriasis,No,No,No,No,22,Female,Normal,Normal,Negative
Gastroenteritis,Yes,No,Yes,No,30,Male,Normal,Normal,Positive
Lymphoma,Yes,Yes,Yes,Yes,40,Male,Normal,Normal,Positive
Rheumatoid Arthritis,No,No,Yes,No,28,Female,Normal,Normal,Negative
Tuberculosis,Yes,Yes,Yes,Yes,35,Male,Normal,Normal,Positive
Sarcoidosis,No,Yes,No,No,25,Female,Normal,Normal,Negative
Malaria,Yes,No,Yes,No,32,Male,Normal,Normal,Positive
Crohn's Disease,Yes,No,Yes,No,38,Female,Normal,Normal,Positive
Ulcerative Colitis,No,No,No,No,29,Male,Normal,Normal,Negative
Sepsis,Yes,Yes,Yes,Yes,45,Female,High,Normal,Positive
Tuberculosis,Yes,Yes,Yes,Yes,28,Male,Normal,Normal,Positive
Psoriasis,No,No,Yes,No,32,Female,Normal,Normal,Negative
Irritable Bowel Syndrome,No,No,Yes,No,29,Male,Normal,Normal,Negative
Bronchitis,Yes,Yes,Yes,Yes,31,Male,High,High,Positive
Hypothyroidism,No,No,Yes,No,30,Female,Normal,Normal,Negative
Pancreatitis,Yes,Yes,Yes,Yes,29,Male,High,High,Positive
Rheumatoid Arthritis,No,No,Yes,No,32,Female,Normal,Normal,Negative
Appendicitis,Yes,No,Yes,No,30,Male,Normal,Normal,Positive
Sjogren's Syndrome,No,No,Yes,No,31,Female,Normal,Normal,Negative
Chronic Obstructive Pulmonary Disease,No,Yes,Yes,Yes,30,Male,High,High,Positive
Fibromyalgia,No,No,Yes,No,29,Female,Normal,Normal,Negative
Lymphoma,Yes,Yes,Yes,Yes,32,Male,High,High,Positive
Hypothyroidism,No,No,Yes,No,28,Female,Normal,Normal,Positive
Pneumonia,Yes,Yes,Yes,Yes,32,Male,High,High,Positive
Irritable Bowel Syndrome,No,No,Yes,No,29,Female,Normal,Normal,Negative
Multiple Sclerosis,No,No,Yes,No,31,Female,Normal,Normal,Positive
Rheumatoid Arthritis,No,No,Yes,No,30,Male,High,High,Positive
Tuberculosis,Yes,Yes,Yes,Yes,33,Male,High,High,Positive
Osteoporosis,No,No,Yes,No,30,Female,Normal,Normal,Positive
Parkinson's Disease,No,No,Yes,No,32,Male,Normal,Normal,Positive
Psoriasis,No,No,Yes,No,29,Female,Normal,Normal,Negative
Crohn's Disease,Yes,Yes,Yes,Yes,31,Male,High,High,Positive
Thyroiditis,No,No,Yes,No,30,Female,Normal,Normal,Positive
Chronic Obstructive Pulmonary Disease (COPD),Yes,Yes,Yes,Yes,33,Male,High,High,Positive
Hypothyroidism,No,No,Yes,No,32,Female,High,Normal,Positive
Chronic Obstructive Pulmonary Disease (COPD),No,Yes,Yes,Yes,33,Male,High,High,Positive
Gastroesophageal Reflux Disease (GERD),No,No,Yes,No,33,Female,Normal,Normal,Positive
Kidney Stones,Yes,No,No,No,34,Male,High,High,Positive
Hyperthyroidism,No,No,Yes,No,34,Female,High,Normal,Positive
Tuberculosis,Yes,Yes,Yes,Yes,35,Male,High,High,Positive
Pancreatitis,Yes,No,Yes,No,35,Female,High,Normal,Positive
Rheumatoid Arthritis,No,No,Yes,No,36,Female,High,Normal,Positive
Appendicitis,Yes,No,Yes,No,36,Male,High,High,Positive
Ulcerative Colitis,No,No,Yes,No,37,Female,Normal,Normal,Positive
Cystic Fibrosis,Yes,Yes,Yes,Yes,37,Male,High,High,Positive
Psoriasis,No,No,Yes,No,30,Male,Normal,Normal,Negative
Irritable Bowel Syndrome,No,No,Yes,No,28,Female,Normal,Low,Negative
Migraine,No,No,Yes,No,32,Female,Normal,Normal,Negative
Thyroiditis,Yes,No,Yes,No,29,Female,Normal,Normal,Negative
Gout,No,No,Yes,No,31,Male,Normal,High,Negative
Pneumonia,Yes,Yes,Yes,Yes,36,Male,High,Normal,Negative
Rheumatoid Arthritis,No,No,Yes,No,33,Female,Normal,Normal,Negative
Chronic Fatigue Syndrome,No,No,Yes,No,34,Female,Normal,Low,Negative
Shingles,Yes,No,Yes,No,37,Male,Normal,Normal,Negative
Appendicitis,Yes,No,Yes,No,38,Male,High,Normal,Negative
Meniere's Disease,No,No,Yes,No,39,Female,Normal,Normal,Negative
Hyperthyroidism,No,No,Yes,No,40,Female,Normal,Normal,Negative
Hypothyroidism,No,No,Yes,No,40,Female,Normal,Normal,Negative
Irritable Bowel Syndrome (IBS),No,No,Yes,No,30,Male,Normal,Normal,Negative
Gout,No,No,No,No,45,Male,High,Normal,Negative
Chronic Obstructive Pulmonary Disease (COPD),No,Yes,Yes,Yes,50,Male,Normal,Normal,Negative
Hypertension,No,No,No,No,38,Female,High,Normal,Negative
Rheumatoid Arthritis,No,No,Yes,No,42,Female,Normal,Normal,Negative
Chlamydia,No,No,Yes,No,25,Female,Normal,Normal,Negative
Meningitis,Yes,No,Yes,Yes,28,Male,High,Normal,Negative
Sarcoidosis,No,Yes,Yes,Yes,48,Male,Normal,Normal,Negative
Lymphoma,Yes,No,Yes,Yes,32,Female,High,Normal,Negative
Tuberculosis,Yes,Yes,Yes,Yes,36,Male,High,Normal,Negative
Vitiligo,No,No,No,No,39,Female,Normal,Normal,Negative
Crohn's Disease,No,No,Yes,No,44,Male,Normal,Normal,Negative
Pneumonia,Yes,Yes,Yes,Yes,40,Female,Normal,High,Positive
Rheumatoid Arthritis,No,No,Yes,No,30,Female,High,High,Positive
Tuberculosis,Yes,Yes,Yes,Yes,45,Male,Low,High,Positive
Hypothyroidism,No,No,Yes,No,25,Female,Normal,High,Positive
Appendicitis,Yes,No,Yes,No,38,Male,High,High,Positive
Gout,No,No,Yes,No,42,Male,High,High,Positive
Chronic Bronchitis,No,Yes,Yes,Yes,50,Male,High,High,Positive
Osteoarthritis,No,No,Yes,No,28,Female,Normal,High,Positive
Pancreatitis,Yes,No,Yes,No,32,Male,High,High,Positive
Psoriasis,No,No,Yes,No,36,Male,High,High,Positive
Sarcoidosis,No,Yes,Yes,Yes,41,Female,High,High,Positive
Ulcerative Colitis,Yes,No,Yes,No,29,Male,High,High,Positive
Gastroesophageal Reflux Disease,No,No,Yes,No,40,Male,Normal,High,Positive
Irritable Bowel Syndrome,No,Yes,No,No,42,Female,Low,Normal,Negative
Psoriasis,Yes,No,Yes,No,45,Male,High,High,Positive
Hypothyroidism,No,No,Yes,No,48,Female,Normal,Normal,Positive
Fibromyalgia,No,Yes,Yes,No,50,Female,Normal,Low,Positive
Osteoarthritis,No,No,Yes,No,52,Male,Normal,High,Positive
Chronic Kidney Disease,No,No,Yes,No,55,Male,High,High,Positive
Hypertension,No,No,Yes,No,58,Female,High,High,Positive
Cystic Fibrosis,Yes,Yes,Yes,Yes,60,Male,Normal,Low,Positive
Asthma,No,Yes,No,Yes,62,Female,Normal,Normal,Positive
Chronic Obstructive Pulmonary Disease,No,Yes,Yes,Yes,65,Male,High,High,Positive
Pancreatitis,No,No,Yes,No,42,Male,Normal,Low,Negative
Pneumonia,Yes,Yes,No,Yes,40,Female,High,Normal,Negative
Hypothyroidism,No,No,Yes,No,45,Female,Normal,Low,Negative
Rheumatoid Arthritis,Yes,No,Yes,No,38,Male,High,High,Positive
Appendicitis,Yes,No,No,No,41,Male,Normal,Low,Negative
Psoriasis,No,No,No,No,39,Male,Normal,Normal,Negative
Chronic Kidney Disease,No,No,Yes,No,44,Female,Low,Normal,Negative
Hepatitis,Yes,No,Yes,No,42,Male,High,High,Positive
Fibromyalgia,No,No,Yes,No,40,Female,Normal,Low,Positive
Irritable Bowel Syndrome,No,No,No,No,39,Female,Normal,Normal,Negative
Chronic Obstructive Pulmonary Disease,Yes,Yes,Yes,Yes,43,Male,High,High,Positive
Multiple Sclerosis,No,No,Yes,No,41,Female,Normal,Low,Positive
Hypothyroidism,No,No,Yes,No,38,Female,Normal,Normal,Negative
Rheumatoid Arthritis,No,No,Yes,No,45,Male,High,High,Negative
Psoriasis,No,No,No,No,40,Male,Normal,Normal,Negative
Gastroesophageal Reflux Disease (GERD),No,No,Yes,No,41,Female,Normal,Normal,Negative
Chronic Kidney Disease,No,No,Yes,No,44,Male,High,Normal,Negative
Multiple Sclerosis,No,No,Yes,No,43,Female,Normal,Normal,Negative
Thyroiditis,No,No,Yes,No,39,Female,Normal,Normal,Negative
Interstitial Cystitis,No,No,Yes,No,46,Male,Normal,Low,Negative
Fibromyalgia,No,No,Yes,No,41,Female,Normal,Normal,Negative
Irritable Bowel Syndrome (IBS),No,No,Yes,No,44,Male,Normal,Normal,Negative
Chronic Obstructive Pulmonary Disease (COPD),No,Yes,Yes,Yes,47,Male,Normal,Low,Negative
Pancreatitis,Yes,No,Yes,No,42,Female,Normal,Normal,Negative
Appendicitis,Yes,No,Yes,No,40,Male,Normal,Low,Positive
Ulcerative Colitis,Yes,No,Yes,No,41,Female,High,Normal,Positive
Bronchiectasis,No,Yes,Yes,Yes,44,Male,High,Normal,Positive
Irritable Bowel Syndrome (IBS),No,No,Yes,No,46,Female,Normal,Normal,Negative
Chronic Obstructive Pulmonary Disease (COPD),No,Yes,Yes,Yes,47,Male,High,High,Positive
Pancreatitis,Yes,No,Yes,No,48,Female,High,High,Positive
Rheumatoid Arthritis,No,No,Yes,No,49,Female,Normal,Normal,Negative
Tuberculosis,Yes,Yes,Yes,Yes,50,Male,High,High,Positive
Sjogren's Syndrome,No,No,Yes,No,51,Female,Normal,Normal,Negative
Interstitial Cystitis,No,No,Yes,No,52,Female,Normal,Normal,Negative
Gastroesophageal Reflux Disease (GERD),No,No,Yes,No,53,Male,High,Normal,Negative
Psoriasis,No,No,Yes,No,54,Male,Normal,Normal,Negative
Hypothyroidism,No,No,Yes,No,50,Female,Normal,High,Positive
Meningitis,Yes,No,Yes,Yes,55,Male,High,Normal,Negative
Sjogren's Syndrome,No,Yes,Yes,No,48,Female,Normal,High,Positive
Irritable Bowel Syndrome,No,No,Yes,No,52,Male,Normal,Normal,Positive
Chronic Kidney Disease,No,No,Yes,No,58,Male,High,High,Positive
Psoriasis,No,No,Yes,No,46,Female,Normal,Normal,Positive
Rheumatoid Arthritis,No,No,Yes,No,54,Female,High,High,Positive
Gastroesophageal Reflux Disease,No,No,Yes,No,51,Male,Normal,Normal,Positive
Hyperthyroidism,No,No,Yes,No,49,Female,Normal,High,Positive
Pancreatitis,Yes,Yes,Yes,No,56,Male,High,High,Negative
Osteoarthritis,No,No,Yes,No,53,Female,Normal,Normal,Positive
Hypertension,No,No,Yes,No,59,Male,High,High,Positive
Rheumatoid Arthritis,No,No,Yes,No,50,Female,Normal,High,Positive
Chronic Kidney Disease,Yes,No,Yes,No,55,Male,High,High,Positive
Irritable Bowel Syndrome,No,No,Yes,No,40,Female,Normal,Normal,Positive
Chronic Obstructive Pulmonary Disease (COPD),Yes,Yes,Yes,Yes,60,Male,High,High,Positive
Fibromyalgia,No,No,Yes,No,50,Female,Normal,Normal,Positive
Gout,No,No,Yes,No,45,Male,High,High,Positive
Hyperthyroidism,Yes,No,No,No,55,Female,Normal,High,Positive
Hypocalcemia,No,No,Yes,No,45,Male,Normal,Normal,Positive
Myasthenia Gravis,Yes,No,Yes,No,50,Female,High,High,Positive
Psoriasis,No,No,Yes,No,40,Male,Normal,Normal,Positive
Sarcoidosis,Yes,Yes,Yes,No,55,Female,High,High,Positive
Ulcerative Colitis,Yes,No,Yes,No,45,Male,Normal,High,Positive
Pneumonia,Yes,Yes,Yes,Yes,40,Female,Normal,High,Negative
Appendicitis,Yes,No,Yes,No,30,Male,High,Normal,Negative
Gastroesophageal Reflux Disease (GERD),No,Yes,No,No,60,Female,Normal,Low,Negative
Rheumatoid Arthritis,No,No,Yes,No,50,Male,Normal,High,Negative
Ulcerative Colitis,Yes,Yes,Yes,No,40,Female,High,Normal,Negative
Malaria,Yes,No,Yes,Yes,20,Male,Normal,Normal,Negative
Hepatitis,Yes,No,Yes,No,50,Female,High,High,Negative
Cystic Fibrosis,No,Yes,Yes,Yes,30,Male,Normal,Normal,Negative
Sarcoidosis,Yes,Yes,Yes,Yes,50,Female,Normal,High,Negative
Tuberculosis,Yes,Yes,Yes,Yes,40,Male,High,Normal,Negative
Irritable Bowel Syndrome (IBS),No,No,Yes,No,30,Female,Normal,Low,Negative
Asthma,No,Yes,No,Yes,50,Male,Normal,High,Negative
Hypothyroidism,No,No,Yes,No,55,Female,Normal,Normal,Negative
Tuberculosis,Yes,Yes,Yes,Yes,45,Male,Low,High,Positive
Meningitis,Yes,No,Yes,Yes,60,Female,High,High,Positive
Pneumonia,Yes,Yes,Yes,Yes,40,Male,Normal,Normal,Positive
Leukemia,Yes,No,Yes,Yes,65,Male,High,High,Positive
Lymphoma,No,No,Yes,No,50,Female,Normal,Normal,Negative
Appendicitis,Yes,No,Yes,No,35,Male,High,Normal,Positive
Pancreatitis,Yes,No,Yes,Yes,50,Female,Normal,High,Positive
Diabetes,No,No,Yes,No,55,Male,High,High,Positive
Kidney Stones,No,No,Yes,No,45,Female,Normal,Normal,Negative
Hepatitis,Yes,Yes,Yes,Yes,60,Male,High,High,Positive
Osteoporosis,No,No,Yes,No,65,Female,Normal,Normal,Negative
Guillain-Barré Syndrome,Yes,No,Yes,Yes,55,Male,High,High,Positive
Myasthenia Gravis,No,Yes,Yes,No,58,Female,Normal,Normal,Positive
Sarcoidosis,Yes,Yes,Yes,Yes,60,Male,High,High,Positive
Rheumatoid Arthritis,No,No,Yes,No,62,Female,Normal,Normal,Positive
Chronic Obstructive Pulmonary Disease (COPD),No,Yes,Yes,Yes,65,Male,High,High,Positive
Gastroesophageal Reflux Disease (GERD),No,No,No,No,68,Female,Normal,Normal,Negative
Irritable Bowel Syndrome (IBS),No,No,No,No,70,Male,Normal,Normal,Negative
Chronic Kidney Disease (CKD),No,No,Yes,No,72,Female,High,High,Positive
Thyroiditis,No,No,Yes,No,75,Female,Normal,Normal,Positive
Polymyositis,Yes,No,Yes,Yes,78,Male,High,High,Positive
Fibromyalgia,No,No,Yes,No,80,Female,Normal,Normal,Positive
Hypothyroidism,No,No,Yes,No,85,Male,Normal,Normal,Negative
Hypothyroidism,No,No,Yes,No,58,Female,Normal,Normal,Positive
Rheumatoid Arthritis,Yes,No,Yes,No,59,Male,High,Low,Positive
Chronic Kidney Disease,No,No,Yes,No,62,Male,High,High,Negative
Ulcerative Colitis,Yes,No,Yes,No,63,Female,Normal,Normal,Positive
Multiple Sclerosis,No,No,Yes,No,64,Female,Normal,Low,Positive
Irritable Bowel Syndrome,No,No,Yes,No,65,Male,Normal,Normal,Positive
Gastroesophageal Reflux Disease,No,No,Yes,No,66,Female,Normal,Low,Positive
Crohn's Disease,Yes,No,Yes,No,67,Male,High,High,Positive
Sjogren's Syndrome,No,No,Yes,No,68,Female,Normal,Normal,Positive
Fibromyalgia,No,No,Yes,No,69,Female,Normal,Low,Positive
Interstitial Cystitis,No,No,Yes,No,70,Male,High,High,Positive
Hypothyroidism,No,No,Yes,No,65,Female,Normal,Normal,Negative
Chronic Kidney Disease,No,No,Yes,No,70,Male,High,High,Negative
Pneumonia,Yes,Yes,Yes,Yes,62,Female,High,High,Negative
Rheumatoid Arthritis,No,No,Yes,No,58,Female,Normal,Normal,Negative
Tuberculosis,Yes,Yes,Yes,Yes,64,Male,High,High,Negative
Gout,No,No,No,No,61,Male,Normal,Normal,Negative
Sarcoidosis,Yes,Yes,Yes,Yes,67,Female,High,High,Negative
Lymphoma,Yes,Yes,Yes,Yes,63,Male,High,High,Negative
Ulcerative Colitis,No,No,Yes,No,59,Male,Normal,Normal,Negative
Psoriasis,No,No,No,No,68,Female,Normal,Normal,Negative
Meningitis,Yes,Yes,Yes,Yes,66,Male,High,High,Negative
Lupus,Yes,Yes,Yes,Yes,60,Female,High,High,Negative
Scleroderma,No,No,Yes,Yes,69,Female,High,High,Negative
Gastroesophageal Reflux Disease,No,No,Yes,No,55,Male,Normal,Normal,Positive
Meningitis,Yes,No,Yes,Yes,50,Female,High,High,Positive
Psoriasis,No,No,Yes,No,58,Male,Normal,Normal,Positive
Hyperthyroidism,No,No,Yes,No,62,Female,High,Normal,Positive
Appendicitis,Yes,No,Yes,No,45,Male,Normal,Normal,Positive
Ulcerative Colitis,No,No,Yes,No,59,Female,High,High,Positive
Sarcoidosis,No,No,Yes,No,61,Male,Normal,Normal,Positive
Lymphoma,Yes,Yes,Yes,No,70,Female,High,High,Positive
Hypothyroidism,No,No,Yes,No,56,Female,Normal,Normal,Positive
Bronchiectasis,No,Yes,Yes,Yes,63,Male,High,High,Positive
Osteoarthritis,No,No,Yes,No,68,Female,Normal,Normal,Positive
Hypertension,No,No,Yes,No,55,Male,High,High,Positive
Hypothyroidism,No,No,Yes,No,55,Female,Normal,Normal,Negative
Psoriasis,No,No,No,No,45,Male,High,High,Negative
Hepatitis,Yes,No,Yes,No,60,Male,High,High,Positive
Osteoporosis,No,No,Yes,No,70,Female,Normal,Normal,Negative
Rheumatoid Arthritis,No,No,Yes,No,50,Female,High,High,Negative
Tuberculosis,Yes,Yes,Yes,Yes,65,Male,High,High,Positive
Parkinson's Disease,No,No,Yes,No,65,Male,Normal,High,Positive
Multiple Sclerosis,No,No,Yes,No,55,Female,Normal,Normal,Negative
Gastroesophageal Reflux Disease (GERD),No,No,Yes,No,60,Male,High,High,Negative
Irritable Bowel Syndrome (IBS),No,No,Yes,No,40,Female,Normal,Normal,Negative
Asthma,No,Yes,Yes,Yes,50,Male,High,High,Positive
Pneumonia,Yes,Yes,Yes,Yes,35,Male,Normal,Normal,Positive
Psoriasis,No,No,No,No,22,Female,Normal,Normal,Negative
Gastroenteritis,Yes,No,Yes,No,30,Male,Normal,Normal,Positive
Lymphoma,Yes,Yes,Yes,Yes,40,Male,Normal,Normal,Positive
Rheumatoid Arthritis,No,No,Yes,No,28,Female,Normal,Normal,Negative
Tuberculosis,Yes,Yes,Yes,Yes,35,Male,Normal,Normal,Positive
Sarcoidosis,No,Yes,No,No,25,Female,Normal,Normal,Negative
Malaria,Yes,No,Yes,No,32,Male,Normal,Normal,Positive
Crohn's Disease,Yes,No,Yes,No,38,Female,Normal,Normal,Positive
Ulcerative Colitis,No,No,No,No,29,Male,Normal,Normal,Negative
Sepsis,Yes,Yes,Yes,Yes,45,Female,High,Normal,Positive
Tuberculosis,Yes,Yes,Yes,Yes,28,Male,Normal,Normal,Positive
Psoriasis,No,No,Yes,No,32,Female,Normal,Normal,Negative
Irritable Bowel Syndrome,No,No,Yes,No,29,Male,Normal,Normal,Negative
Bronchitis,Yes,Yes,Yes,Yes,31,Male,High,High,Positive
Hypothyroidism,No,No,Yes,No,30,Female,Normal,Normal,Negative
Pancreatitis,Yes,Yes,Yes,Yes,29,Male,High,High,Positive
Rheumatoid Arthritis,No,No,Yes,No,32,Female,Normal,Normal,Negative
Appendicitis,Yes,No,Yes,No,30,Male,Normal,Normal,Positive
Sjogren's Syndrome,No,No,Yes,No,31,Female,Normal,Normal,Negative
Chronic Obstructive Pulmonary Disease,No,Yes,Yes,Yes,30,Male,High,High,Positive
Fibromyalgia,No,No,Yes,No,29,Female,Normal,Normal,Negative
Lymphoma,Yes,Yes,Yes,Yes,32,Male,High,High,Positive
Hypothyroidism,No,No,Yes,No,28,Female,Normal,Normal,Positive
Pneumonia,Yes,Yes,Yes,Yes,32,Male,High,High,Positive
Irritable Bowel Syndrome,No,No,Yes,No,29,Female,Normal,Normal,Negative
Multiple Sclerosis,No,No,Yes,No,31,Female,Normal,Normal,Positive
Rheumatoid Arthritis,No,No,Yes,No,30,Male,High,High,Positive
Tuberculosis,Yes,Yes,Yes,Yes,33,Male,High,High,Positive
Osteoporosis,No,No,Yes,No,30,Female,Normal,Normal,Positive
Parkinson's Disease,No,No,Yes,No,32,Male,Normal,Normal,Positive
Psoriasis,No,No,Yes,No,29,Female,Normal,Normal,Negative
Crohn's Disease,Yes,Yes,Yes,Yes,31,Male,High,High,Positive
Thyroiditis,No,No,Yes,No,30,Female,Normal,Normal,Positive
Chronic Obstructive Pulmonary Disease (COPD),Yes,Yes,Yes,Yes,33,Male,High,High,Positive
Hypothyroidism,No,No,Yes,No,32,Female,High,Normal,Positive
Chronic Obstructive Pulmonary Disease (COPD),No,Yes,Yes,Yes,33,Male,High,High,Positive
Gastroesophageal Reflux Disease (GERD),No,No,Yes,No,33,Female,Normal,Normal,Positive
Kidney Stones,Yes,No,No,No,34,Male,High,High,Positive
Hyperthyroidism,No,No,Yes,No,34,Female,High,Normal,Positive
Tuberculosis,Yes,Yes,Yes,Yes,35,Male,High,High,Positive
Pancreatitis,Yes,No,Yes,No,35,Female,High,Normal,Positive
Rheumatoid Arthritis,No,No,Yes,No,36,Female,High,Normal,Positive
Appendicitis,Yes,No,Yes,No,36,Male,High,High,Positive
Ulcerative Colitis,No,No,Yes,No,37,Female,Normal,Normal,Positive
Cystic Fibrosis,Yes,Yes,Yes,Yes,37,Male,High,High,Positive
Psoriasis,No,No,Yes,No,30,Male,Normal,Normal,Negative
Irritable Bowel Syndrome,No,No,Yes,No,28,Female,Normal,Low,Negative
Migraine,No,No,Yes,No,32,Female,Normal,Normal,Negative
Thyroiditis,Yes,No,Yes,No,29,Female,Normal,Normal,Negative
Gout,No,No,Yes,No,31,Male,Normal,High,Negative
Pneumonia,Yes,Yes,Yes,Yes,36,Male,High,Normal,Negative
Rheumatoid Arthritis,No,No,Yes,No,33,Female,Normal,Normal,Negative
Chronic Fatigue Syndrome,No,No,Yes,No,34,Female,Normal,Low,Negative
Shingles,Yes,No,Yes,No,37,Male,Normal,Normal,Negative
Appendicitis,Yes,No,Yes,No,38,Male,High,Normal,Negative
Meniere's Disease,No,No,Yes,No,39,Female,Normal,Normal,Negative
Hyperthyroidism,No,No,Yes,No,40,Female,Normal,Normal,Negative
Hypothyroidism,No,No,Yes,No,40,Female,Normal,Normal,Negative
Irritable Bowel Syndrome (IBS),No,No,Yes,No,30,Male,Normal,Normal,Negative
Gout,No,No,No,No,45,Male,High,Normal,Negative
Chronic Obstructive Pulmonary Disease (COPD),No,Yes,Yes,Yes,50,Male,Normal,Normal,Negative
Hypertension,No,No,No,No,38,Female,High,Normal,Negative
Rheumatoid Arthritis,No,No,Yes,No,42,Female,Normal,Normal,Negative
Chlamydia,No,No,Yes,No,25,Female,Normal,Normal,Negative
Meningitis,Yes,No,Yes,Yes,28,Male,High,Normal,Negative
Sarcoidosis,No,Yes,Yes,Yes,48,Male,Normal,Normal,Negative
Lymphoma,Yes,No,Yes,Yes,32,Female,High,Normal,Negative
Tuberculosis,Yes,Yes,Yes,Yes,36,Male,High,Normal,Negative
Vitiligo,No,No,No,No,39,Female,Normal,Normal,Negative
Crohn's Disease,No,No,Yes,No,44,Male,Normal,Normal,Negative
Pneumonia,Yes,Yes,Yes,Yes,40,Female,Normal,High,Positive
Rheumatoid Arthritis,No,No,Yes,No,30,Female,High,High,Positive
Tuberculosis,Yes,Yes,Yes,Yes,45,Male,Low,High,Positive
Hypothyroidism,No,No,Yes,No,25,Female,Normal,High,Positive
Appendicitis,Yes,No,Yes,No,38,Male,High,High,Positive
Gout,No,No,Yes,No,42,Male,High,High,Positive
Chronic Bronchitis,No,Yes,Yes,Yes,50,Male,High,High,Positive
Osteoarthritis,No,No,Yes,No,28,Female,Normal,High,Positive
Pancreatitis,Yes,No,Yes,No,32,Male,High,High,Positive
Psoriasis,No,No,Yes,No,36,Male,High,High,Positive
Sarcoidosis,No,Yes,Yes,Yes,41,Female,High,High,Positive
Ulcerative Colitis,Yes,No,Yes,No,29,Male,High,High,Positive
Gastroesophageal Reflux Disease,No,No,Yes,No,40,Male,Normal,High,Positive
Irritable Bowel Syndrome,No,Yes,No,No,42,Female,Low,Normal,Negative
Psoriasis,Yes,No,Yes,No,45,Male,High,High,Positive
Hypothyroidism,No,No,Yes,No,48,Female,Normal,Normal,Positive
Fibromyalgia,No,Yes,Yes,No,50,Female,Normal,Low,Positive
Osteoarthritis,No,No,Yes,No,52,Male,Normal,High,Positive
Chronic Kidney Disease,No,No,Yes,No,55,Male,High,High,Positive
Hypertension,No,No,Yes,No,58,Female,High,High,Positive
Cystic Fibrosis,Yes,Yes,Yes,Yes,60,Male,Normal,Low,Positive
Asthma,No,Yes,No,Yes,62,Female,Normal,Normal,Positive
Chronic Obstructive Pulmonary Disease,No,Yes,Yes,Yes,65,Male,High,High,Positive
Pancreatitis,No,No,Yes,No,42,Male,Normal,Low,Negative
Pneumonia,Yes,Yes,No,Yes,40,Female,High,Normal,Negative
Hypothyroidism,No,No,Yes,No,45,Female,Normal,Low,Negative
Rheumatoid Arthritis,Yes,No,Yes,No,38,Male,High,High,Positive
Appendicitis,Yes,No,No,No,41,Male,Normal,Low,Negative
Psoriasis,No,No,No,No,39,Male,Normal,Normal,Negative
Chronic Kidney Disease,No,No,Yes,No,44,Female,Low,Normal,Negative
Hepatitis,Yes,No,Yes,No,42,Male,High,High,Positive
Fibromyalgia,No,No,Yes,No,40,Female,Normal,Low,Positive
Irritable Bowel Syndrome,No,No,No,No,39,Female,Normal,Normal,Negative
Chronic Obstructive Pulmonary Disease,Yes,Yes,Yes,Yes,43,Male,High,High,Positive
Multiple Sclerosis,No,No,Yes,No,41,Female,Normal,Low,Positive
Hypothyroidism,No,No,Yes,No,38,Female,Normal,Normal,Negative
Rheumatoid Arthritis,No,No,Yes,No,45,Male,High,High,Negative
Psoriasis,No,No,No,No,40,Male,Normal,Normal,Negative
Gastroesophageal Reflux Disease (GERD),No,No,Yes,No,41,Female,Normal,Normal,Negative
Chronic Kidney Disease,No,No,Yes,No,44,Male,High,Normal,Negative
Multiple Sclerosis,No,No,Yes,No,43,Female,Normal,Normal,Negative
Thyroiditis,No,No,Yes,No,39,Female,Normal,Normal,Negative
Interstitial Cystitis,No,No,Yes,No,46,Male,Normal,Low,Negative
Fibromyalgia,No,No,Yes,No,41,Female,Normal,Normal,Negative
Irritable Bowel Syndrome (IBS),No,No,Yes,No,44,Male,Normal,Normal,Negative
Chronic Obstructive Pulmonary Disease (COPD),No,Yes,Yes,Yes,47,Male,Normal,Low,Negative
Pancreatitis,Yes,No,Yes,No,42,Female,Normal,Normal,Negative
Appendicitis,Yes,No,Yes,No,40,Male,Normal,Low,Positive
Ulcerative Colitis,Yes,No,Yes,No,41,Female,High,Normal,Positive
Bronchiectasis,No,Yes,Yes,Yes,44,Male,High,Normal,Positive
Irritable Bowel Syndrome (IBS),No,No,Yes,No,46,Female,Normal,Normal,Negative
Chronic Obstructive Pulmonary Disease (COPD),No,Yes,Yes,Yes,47,Male,High,High,Positive
Pancreatitis,Yes,No,Yes,No,48,Female,High,High,Positive
Rheumatoid Arthritis,No,No,Yes,No,49,Female,Normal,Normal,Negative
Tuberculosis,Yes,Yes,Yes,Yes,50,Male,High,High,Positive
Sjogren's Syndrome,No,No,Yes,No,51,Female,Normal,Normal,Negative
Interstitial Cystitis,No,No,Yes,No,52,Female,Normal,Normal,Negative
Gastroesophageal Reflux Disease (GERD),No,No,Yes,No,53,Male,High,Normal,Negative
Psoriasis,No,No,Yes,No,54,Male,Normal,Normal,Negative
Hypothyroidism,No,No,Yes,No,50,Female,Normal,High,Positive
Meningitis,Yes,No,Yes,Yes,55,Male,High,Normal,Negative
Sjogren's Syndrome,No,Yes,Yes,No,48,Female,Normal,High,Positive
Irritable Bowel Syndrome,No,No,Yes,No,52,Male,Normal,Normal,Positive
Chronic Kidney Disease,No,No,Yes,No,58,Male,High,High,Positive
Psoriasis,No,No,Yes,No,46,Female,Normal,Normal,Positive
Rheumatoid Arthritis,No,No,Yes,No,54,Female,High,High,Positive
Gastroesophageal Reflux Disease,No,No,Yes,No,51,Male,Normal,Normal,Positive
Hyperthyroidism,No,No,Yes,No,49,Female,Normal,High,Positive
Pancreatitis,Yes,Yes,Yes,No,56,Male,High,High,Negative
Osteoarthritis,No,No,Yes,No,53,Female,Normal,Normal,Positive
Hypertension,No,No,Yes,No,59,Male,High,High,Positive
Rheumatoid Arthritis,No,No,Yes,No,50,Female,Normal,High,Positive
Chronic Kidney Disease,Yes,No,Yes,No,55,Male,High,High,Positive
Irritable Bowel Syndrome,No,No,Yes,No,40,Female,Normal,Normal,Positive
Chronic Obstructive Pulmonary Disease (COPD),Yes,Yes,Yes,Yes,60,Male,High,High,Positive
Fibromyalgia,No,No,Yes,No,50,Female,Normal,Normal,Positive
Gout,No,No,Yes,No,45,Male,High,High,Positive
Hyperthyroidism,Yes,No,No,No,55,Female,Normal,High,Positive
Hypocalcemia,No,No,Yes,No,45,Male,Normal,Normal,Positive
Myasthenia Gravis,Yes,No,Yes,No,50,Female,High,High,Positive
Psoriasis,No,No,Yes,No,40,Male,Normal,Normal,Positive
Sarcoidosis,Yes,Yes,Yes,No,55,Female,High,High,Positive
Ulcerative Colitis,Yes,No,Yes,No,45,Male,Normal,High,Positive
Pneumonia,Yes,Yes,Yes,Yes,40,Female,Normal,High,Negative
Appendicitis,Yes,No,Yes,No,30,Male,High,Normal,Negative
Gastroesophageal Reflux Disease (GERD),No,Yes,No,No,60,Female,Normal,Low,Negative
Rheumatoid Arthritis,No,No,Yes,No,50,Male,Normal,High,Negative
Ulcerative Colitis,Yes,Yes,Yes,No,40,Female,High,Normal,Negative
Malaria,Yes,No,Yes,Yes,20,Male,Normal,Normal,Negative
Hepatitis,Yes,No,Yes,No,50,Female,High,High,Negative
Cystic Fibrosis,No,Yes,Yes,Yes,30,Male,Normal,Normal,Negative
Sarcoidosis,Yes,Yes,Yes,Yes,50,Female,Normal,High,Negative
Tuberculosis,Yes,Yes,Yes,Yes,40,Male,High,Normal,Negative
Irritable Bowel Syndrome (IBS),No,No,Yes,No,30,Female,Normal,Low,Negative
Asthma,No,Yes,No,Yes,50,Male,Normal,High,Negative
Hypothyroidism,No,No,Yes,No,55,Female,Normal,Normal,Negative
Tuberculosis,Yes,Yes,Yes,Yes,45,Male,Low,High,Positive
Meningitis,Yes,No,Yes,Yes,60,Female,High,High,Positive
Pneumonia,Yes,Yes,Yes,Yes,40,Male,Normal,Normal,Positive
Leukemia,Yes,No,Yes,Yes,65,Male,High,High,Positive
Lymphoma,No,No,Yes,No,50,Female,Normal,Normal,Negative
Appendicitis,Yes,No,Yes,No,35,Male,High,Normal,Positive
Pancreatitis,Yes,No,Yes,Yes,50,Female,Normal,High,Positive
Diabetes,No,No,Yes,No,55,Male,High,High,Positive
Kidney Stones,No,No,Yes,No,45,Female,Normal,Normal,Negative
Hepatitis,Yes,Yes,Yes,Yes,60,Male,High,High,Positive
Osteoporosis,No,No,Yes,No,65,Female,Normal,Normal,Negative
Guillain-Barré Syndrome,Yes,No,Yes,Yes,55,Male,High,High,Positive
Myasthenia Gravis,No,Yes,Yes,No,58,Female,Normal,Normal,Positive
Sarcoidosis,Yes,Yes,Yes,Yes,60,Male,High,High,Positive
Rheumatoid Arthritis,No,No,Yes,No,62,Female,Normal,Normal,Positive
Chronic Obstructive Pulmonary Disease (COPD),No,Yes,Yes,Yes,65,Male,High,High,Positive
Gastroesophageal Reflux Disease (GERD),No,No,No,No,68,Female,Normal,Normal,Negative
Irritable Bowel Syndrome (IBS),No,No,No,No,70,Male,Normal,Normal,Negative
Chronic Kidney Disease (CKD),No,No,Yes,No,72,Female,High,High,Positive
Thyroiditis,No,No,Yes,No,75,Female,Normal,Normal,Positive
Polymyositis,Yes,No,Yes,Yes,78,Male,High,High,Positive
Fibromyalgia,No,No,Yes,No,80,Female,Normal,Normal,Positive
Hypothyroidism,No,No,Yes,No,85,Male,Normal,Normal,Negative
Hypothyroidism,No,No,Yes,No,58,Female,Normal,Normal,Positive
Rheumatoid Arthritis,Yes,No,Yes,No,59,Male,High,Low,Positive
Chronic Kidney Disease,No,No,Yes,No,62,Male,High,High,Negative
Ulcerative Colitis,Yes,No,Yes,No,63,Female,Normal,Normal,Positive
Multiple Sclerosis,No,No,Yes,No,64,Female,Normal,Low,Positive
Irritable Bowel Syndrome,No,No,Yes,No,65,Male,Normal,Normal,Positive
Gastroesophageal Reflux Disease,No,No,Yes,No,66,Female,Normal,Low,Positive
Crohn's Disease,Yes,No,Yes,No,67,Male,High,High,Positive
Sjogren's Syndrome,No,No,Yes,No,68,Female,Normal,Normal,Positive
Fibromyalgia,No,No,Yes,No,69,Female,Normal,Low,Positive
Interstitial Cystitis,No,No,Yes,No,70,Male,High,High,Positive
Hypothyroidism,No,No,Yes,No,65,Female,Normal,Normal,Negative
Chronic Kidney Disease,No,No,Yes,No,70,Male,High,High,Negative
Pneumonia,Yes,Yes,Yes,Yes,62,Female,High,High,Negative
Rheumatoid Arthritis,No,No,Yes,No,58,Female,Normal,Normal,Negative
Tuberculosis,Yes,Yes,Yes,Yes,64,Male,High,High,Negative
Gout,No,No,No,No,61,Male,Normal,Normal,Negative
Sarcoidosis,Yes,Yes,Yes,Yes,67,Female,High,High,Negative
Lymphoma,Yes,Yes,Yes,Yes,63,Male,High,High,Negative
Ulcerative Colitis,No,No,Yes,No,59,Male,Normal,Normal,Negative
Psoriasis,No,No,No,No,68,Female,Normal,Normal,Negative
Meningitis,Yes,Yes,Yes,Yes,66,Male,High,High,Negative
Lupus,Yes,Yes,Yes,Yes,60,Female,High,High,Negative
Scleroderma,No,No,Yes,Yes,69,Female,High,High,Negative
Gastroesophageal Reflux Disease,No,No,Yes,No,55,Male,Normal,Normal,Positive
Meningitis,Yes,No,Yes,Yes,50,Female,High,High,Positive
Psoriasis,No,No,Yes,No,58,Male,Normal,Normal,Positive
Hyperthyroidism,No,No,Yes,No,62,Female,High,Normal,Positive
Appendicitis,Yes,No,Yes,No,45,Male,Normal,Normal,Positive
Ulcerative Colitis,No,No,Yes,No,59,Female,High,High,Positive
Sarcoidosis,No,No,Yes,No,61,Male,Normal,Normal,Positive
Lymphoma,Yes,Yes,Yes,No,70,Female,High,High,Positive
Hypothyroidism,No,No,Yes,No,56,Female,Normal,Normal,Positive
Bronchiectasis,No,Yes,Yes,Yes,63,Male,High,High,Positive
Osteoarthritis,No,No,Yes,No,68,Female,Normal,Normal,Positive
Hypertension,No,No,Yes,No,55,Male,High,High,Positive
Hypothyroidism,No,No,Yes,No,55,Female,Normal,Normal,Negative
Psoriasis,No,No,No,No,45,Male,High,High,Negative
Hepatitis,Yes,No,Yes,No,60,Male,High,High,Positive
Osteoporosis,No,No,Yes,No,70,Female,Normal,Normal,Negative
Rheumatoid Arthritis,No,No,Yes,No,50,Female,High,High,Negative
Tuberculosis,Yes,Yes,Yes,Yes,65,Male,High,High,Positive
Parkinson's Disease,No,No,Yes,No,65,Male,Normal,High,Positive
Multiple Sclerosis,No,No,Yes,No,55,Female,Normal,Normal,Negative
Gastroesophageal Reflux Disease (GERD),No,No,Yes,No,60,Male,High,High,Negative
Irritable Bowel Syndrome (IBS),No,No,Yes,No,40,Female,Normal,Normal,Negative
Asthma,No,Yes,Yes,Yes,50,Male,High,High,Positive
