Disease,Fever,Cough,Fatigue,Difficulty Breathing,Age,Gender,Blood Pressure,Cholesterol Level,Outcome Variable
Osteoarthritis,No,No,Yes,No,45.0,Male,High,High,Negative
Rheumatoid Arthritis,Yes,No,Yes,No,55.0,Male,High,Normal,Negative
Outcome Variable,No,No,Yes,No,25.0,Male,Normal,High,Negative
Osteoarthritis,No,No,No,Yes,65.0,Male,Normal,High,Negative
Migraine,No,Yes,Yes,Yes,45.0,Female,High,Normal,Negative
Allergic Rhinitis,Yes,Yes,No,No,45.0,Female,High,High,Negative
Depression,No,No,Yes,No,50.0,Female,Normal,High,Negative
Fever,No,No,Yes,No,35.0,Male,High,High,Negative
Stroke,No,No,Yes,No,70.0,Female,High,High,Positive
Depression,No,No,No,No,55.0,Male,Normal,Low,Negative
Liver Cancer,No,No,Yes,No,42.0,Male,Normal,High,Positive
Cough,No,Yes,Yes,Yes,65.0,Female,High,Normal,Positive
Psoriasis,No,No,Yes,No,35.0,Male,High,High,Positive
Kidney Cancer,Yes,No,Yes,No,35.0,Male,Normal,High,Negative
Asthma,Yes,Yes,Yes,Yes,50.0,Female,Normal,High,Positive
Stroke,No,No,No,No,65.0,Male,Normal,High,Positive
Osteoporosis,No,No,Yes,No,60.0,Female,High,Normal,Positive
Asthma,No,Yes,Yes,No,65.0,Female,High,High,Positive
Osteoarthritis,Yes,Yes,No,No,28.0,Male,Normal,High,Positive
Pneumonia,Yes,No,No,No,70.0,Male,Normal,High,Negative
Bronchitis,Yes,No,Yes,No,55.0,Female,Normal,High,Positive
Kidney Disease,Yes,No,Yes,Yes,45.0,Male,High,Normal,Negative
Asthma,No,Yes,Yes,No,60.0,Female,Normal,Normal,Positive
Prostate Cancer,No,No,No,No,35.0,Female,High,Normal,Negative
Stroke,Yes,No,Yes,No,35.0,Male,High,Positive,Negative
Chronic Obstructive Pulmonary Disease (COPD),No,Yes,Yes,No,40.0,Male,Normal,High,Negative
Stroke,Yes,No,Yes,No,50.0,Male,Normal,Normal,Positive
Osteoporosis,No,No,Yes,No,50.0,Male,High,Normal,Negative
Stroke,Yes,Yes,Yes,Yes,35.0,Male,Normal,Normal,Positive
Stroke,No,No,Yes,No,42.0,Male,Normal,High,Positive
Dengue Fever,Yes,No,Yes,No,35.0,Male,High,High,Positive
Stroke,No,Yes,Yes,No,55.0,Male,High,High,Positive
Hepatitis B,No,No,Yes,No,31.0,Male,Normal,High,Negative
Kidney Cancer,Yes,Yes,Yes,No,50.0,Male,High,High,Positive
Coronary Artery Disease,Yes,No,Yes,No,40.0,Male,High,High,Negative
Pancreatitis,Yes,No,Yes,Yes,50.0,Female,High,High,Positive
Common Cold,Yes,No,Yes,Yes,40.0,Female,Normal,High,Negative
Migraine,Yes,Yes,Yes,No,30.0,Female,Normal,Normal,Negative
Hypothyroidism,Yes,Yes,Yes,Yes,35.0,Male,High,High,Negative
Pneumonia,Yes,No,Yes,No,40.0,Male,High,Normal,Positive
Osteoporosis,Yes,Yes,Yes,Yes,40.0,Male,Normal,Normal,Positive
Osteoporosis,No,Yes,Yes,No,55.0,Male,Normal,Normal,Positive
Osteoporosis,No,No,Yes,No,45.0,Female,Normal,High,Negative
Liver Cancer,Yes,No,Yes,No,45.0,Male,High,High,Negative
Depression,Yes,No,Yes,No,35.0,Male,High,Normal,Positive
Hypertension,No,No,Yes,No,30.0,Female,High,High,Negative
Stroke,Yes,Yes,No,No,50.0,Male,Normal,High,Positive
Stroke,Yes,No,Yes,No,60.0,Female,High,Normal,Negative
HIV/AIDS,Yes,Yes,Yes,No,55.0,Female,Normal,High,Negative
Migraine,No,Yes,Yes,No,35.0,Female,Normal,Normal,Positive
Alzheimer's Disease,Yes,Yes,Yes,No,65.0,Male,Normal,Normal,Positive
Osteoarthritis,Yes,No,Yes,No,45.0,Female,High,Low,Positive
Lung Cancer,No,No,Yes,No,40.0,Female,Normal,Normal,Negative
Acne,No,No,Yes,Yes,60.0,Female,Normal,Normal,Positive
Asthma,No,Yes,Yes,No,45.0,Male,High,High,Negative
Eczema,Yes,No,Yes,No,30.0,Male,Normal,Normal,Positive
Asthma,Yes,Yes,Yes,Yes,42.0,Male,Normal,High,Negative
Osteoporosis,Yes,No,Yes,No,55.0,Female,Normal,Normal,Positive
Chronic Obstructive Pulmonary Disease (COPD),Yes,Yes,Yes,Yes,60.0,Female,Normal,Normal,Positive
Stroke,No,Yes,Yes,No,55.0,Male,Normal,Normal,Positive
Stroke,Yes,Yes,Yes,No,50.0,Female,High,Normal,Positive
Rheumatoid Arthritis,No,No,No,No,70.0,Female,Normal,Normal,Negative
Asthma,Yes,No,Yes,No,40.0,Female,High,High,Positive
Migraine,No,Yes,Yes,No,45.0,Female,Normal,High,Positive
Osteoarthritis,Yes,Yes,Yes,No,40.0,Female,High,High,Positive
Asthma,Yes,Yes,Yes,No,65.0,Female,Normal,Normal,Negative
Migraine,Yes,Yes,Yes,No,60.0,Female,High,Normal,Positive
Rheumatoid Arthritis,Yes,Yes,Yes,No,50.0,Male,High,High,Negative
Hypertension,Yes,No,Yes,No,60.0,Female,Normal,High,Positive
Tetanus,No,Yes,Yes,No,50.0,Male,High,Normal,Positive
Osteoporosis,No,Yes,Yes,No,55.0,Male,High,High,Negative
Bronchitis,Yes,No,Yes,No,30.0,Female,High,High,Negative
Anxiety Disorders,Yes,No,Yes,No,25.0,Male,High,Normal,Positive
Hypertension,Yes,No,Yes,Yes,30.0,Male,High,Low,Negative
Migraine,No,Yes,Yes,No,30.0,Female,Normal,Normal,Negative
Hepatitis,No,No,Yes,No,50.0,Female,Normal,Normal,Positive
Osteoporosis,No,Yes,No,No,60.0,Female,Normal,High,Negative
Hyperthyroidism,Yes,No,No,No,65.0,Female,Normal,Low,Positive
Asthma,Yes,Yes,Yes,Yes,35.0,Male,High,High,Positive
Asthma,No,Yes,Yes,No,42.0,Male,Normal,High,Positive
Rubella,Yes,No,Yes,No,40.0,Female,High,Low,Positive
Parkinson's Disease,Yes,Yes,No,Yes,45.0,Female,High,Normal,Negative
Diabetes,No,No,Yes,No,35.0,Female,Normal,Normal,Negative
Osteoporosis,No,Yes,No,Yes,42.0,Female,Normal,Normal,Positive
Diabetes,Yes,Yes,Yes,No,45.0,Male,Normal,High,Negative
Liver Cancer,No,No,Yes,No,70.0,Female,High,High,Negative
Migraine,No,No,Yes,No,40.0,Female,High,High,Positive
Hypertension,No,Yes,Yes,Yes,35.0,Female,High,Normal,Negative
Asthma,Yes,No,Yes,No,45.0,Male,Normal,High,Positive
Asthma,No,No,Yes,No,35.0,Female,High,Normal,Positive
Migraine,No,No,Yes,No,60.0,Male,High,High,Positive
Pancreatitis,Yes,No,Yes,Yes,50.0,Female,Normal,Normal,Positive
Stroke,No,Yes,Yes,No,50.0,Male,Normal,Normal,Positive
Asthma,No,No,No,No,70.0,Female,Normal,High,Positive
Parkinson's Disease,No,No,Yes,No,45.0,Female,High,High,Negative
Migraine,No,No,Yes,Yes,55.0,Female,Normal,Normal,Negative
Migraine,Yes,Yes,Yes,No,50.0,Male,High,High,Positive
Eczema,Yes,Yes,Yes,No,65.0,Female,Normal,Normal,Negative
Depression,Yes,No,Yes,No,45.0,Male,Normal,Normal,Positive
Pneumonia,No,No,Yes,No,29.0,Female,Normal,Normal,Positive
Coronary Artery Disease,Yes,Yes,Yes,No,40.0,Female,Normal,Normal,Positive
Osteoporosis,No,No,Yes,Yes,40.0,Male,Normal,Normal,Negative
Asthma,Yes,No,No,No,45.0,Female,Normal,Low,Positive
Osteoporosis,Yes,No,Yes,No,50.0,Male,Normal,Normal,Negative
Gastroenteritis,Yes,No,Yes,No,48.0,Male,High,High,Negative
Eczema,Yes,Yes,Yes,Yes,40.0,Female,High,Low,Positive
Liver Disease,Yes,Yes,Yes,No,20.0,Female,High,Normal,Positive
Urinary Tract Infection (UTI),Yes,No,No,No,65.0,Male,Normal,High,Negative
Influenza,Yes,Yes,Yes,Yes,38.0,Female,High,High,Positive
Migraine,No,Yes,Yes,No,65.0,Male,High,High,Positive
Kidney Cancer,No,No,Yes,No,45.0,Male,Normal,Normal,Positive
Endometriosis,Yes,Yes,Yes,Yes,70.0,Female,Normal,Normal,Positive
Osteoporosis,Yes,No,Yes,No,45.0,Male,Normal,Normal,Positive
Rheumatoid Arthritis,Yes,No,No,No,35.0,Male,Normal,Normal,Negative
Pneumonia,Yes,Yes,Yes,No,40.0,Male,Normal,High,Negative
Parkinson's Disease,No,Yes,Yes,No,45.0,Male,Normal,Normal,Positive
Pneumonia,No,No,Yes,No,45.0,Male,Normal,Normal,Negative
Hypothyroidism,Yes,Yes,Yes,No,50.0,Female,High,Low,Positive
Asthma,No,No,No,No,45.0,Female,High,High,Negative
Cholera,No,No,No,No,90.0,Female,High,High,Negative
Anxiety Disorders,Yes,Yes,Yes,No,55.0,Female,Normal,High,Negative
Osteoporosis,No,No,No,Yes,50.0,Female,High,High,Negative
Stroke,Yes,No,Yes,No,60.0,Female,High,Normal,Positive
Kidney Disease,Yes,Yes,Yes,Yes,60.0,Male,High,Normal,Positive
Osteoporosis,Yes,Yes,Yes,Yes,35.0,Male,High,High,Negative
Bronchitis,No,No,Yes,No,50.0,Male,High,High,Positive
Asthma,Yes,Yes,Yes,No,55.0,Male,High,High,Positive
Osteoporosis,Yes,Yes,Yes,Yes,50.0,Male,High,Normal,Positive
Osteoporosis,Yes,Yes,Yes,No,35.0,Female,High,High,Positive
Migraine,No,No,Yes,No,50.0,Female,Normal,High,Negative
Pneumonia,No,No,Yes,Yes,42.0,Male,High,High,Positive
Migraine,Yes,Yes,No,No,45.0,Female,High,High,Negative
Pneumonia,Yes,Yes,Yes,No,70.0,Male,Low,Normal,Positive
Diabetes,Yes,Yes,Yes,Yes,65.0,Male,Normal,Normal,Positive
Ebola Virus,Yes,No,Yes,No,50.0,Female,High,Normal,Positive
Kidney Disease,No,No,Yes,No,50.0,Female,High,High,Positive
Diabetes,Yes,Yes,No,No,45.0,Male,High,Normal,Negative
Stroke,Yes,Yes,Yes,Yes,35.0,Female,Normal,Normal,Positive
Depression,No,Yes,No,No,50.0,Male,High,High,Negative
Alzheimer's Disease,Yes,Yes,Yes,No,55.0,Male,Normal,High,Positive
Asthma,Yes,Yes,Yes,Yes,55.0,Female,High,High,Positive
Eczema,Yes,Yes,Yes,Yes,55.0,Male,High,High,Negative
Depression,No,No,Yes,No,60.0,Male,High,High,Negative
Multiple Sclerosis,No,No,No,No,55.0,Male,High,High,Positive
Psoriasis,Yes,Yes,Yes,No,35.0,Male,Normal,Normal,Positive
Hypertension,No,Yes,Yes,No,70.0,Male,Normal,High,Negative
Asthma,No,No,Yes,No,30.0,Female,Normal,Normal,Positive
Allergic Rhinitis,Yes,No,Yes,Yes,60.0,Male,Normal,Normal,Positive
Parkinson's Disease,Yes,No,No,No,38.0,Female,Normal,High,Positive
Stroke,No,No,Yes,No,35.0,Male,Normal,High,Negative
Osteoarthritis,Yes,No,Yes,Yes,30.0,Male,High,Normal,Positive
Eczema,No,Yes,No,No,45.0,Male,Normal,Normal,Negative
Migraine,Yes,No,Yes,No,50.0,Female,High,Normal,Negative
Urinary Tract Infection,No,Yes,Yes,No,55.0,Female,High,High,Positive
Asthma,No,Yes,Yes,No,60.0,Female,High,High,Negative
Pancreatitis,No,Yes,Yes,Yes,60.0,Female,High,High,Positive
Urinary Tract Infection,No,Yes,Yes,No,30.0,Female,High,High,Negative
Rheumatoid Arthritis,No,No,Yes,No,35.0,Male,Normal,Normal,Negative
Coronary Artery Disease (COPD),Yes,No,Yes,No,55.0,Female,High,Normal,Negative
Coronary Artery Disease,No,No,Yes,No,35.0,Male,High,High,Positive
Common Cold,Yes,No,Yes,No,40.0,Male,High,Normal,Negative
Alzheimer's Disease,No,No,Yes,No,35.0,Male,High,High,Positive
Osteoarthritis,No,Yes,Yes,No,50.0,Male,High,High,Positive
Parkinson's Disease,No,Yes,Yes,No,55.0,Male,High,High,Negative
Asthma,Yes,No,No,No,55.0,Male,High,High,Negative
Rheumatoid Arthritis,No,No,Yes,No,40.0,Male,Normal,Normal,Negative
Migraine,Yes,Yes,Yes,Yes,29.0,Female,High,High,Positive
Diabetes,Yes,Yes,Yes,Yes,45.0,Female,High,High,Negative
Multiple Sclerosis,No,No,No,No,50.0,Female,Normal,Normal,Negative
Kidney Disease,No,Yes,Yes,No,40.0,Male,High,High,Positive
Osteoarthritis,No,Yes,Yes,No,50.0,Female,Normal,Normal,Positive
Kidney Disease,Yes,No,No,No,28.0,Female,High,Normal,Positive
Hyperthyroidism,Yes,No,Yes,No,55.0,Male,High,High,Positive
Parkinson's Disease,Yes,No,No,No,60.0,Male,Normal,Normal,Positive
Pneumonia,No,No,No,No,45.0,Female,Normal,High,Negative
Gender Male,Yes,Yes,No,No,60.0,Female,High,High,Positive
Hepatitis B,No,No,Yes,No,40.0,Female,Normal,Normal,Positive
Lyme Disease,Yes,No,Yes,No,30.0,Male,Normal,Normal,Negative
Pneumonia,No,No,Yes,No,55.0,Male,Normal,Normal,Positive
Pneumonia,Yes,Yes,Yes,No,60.0,Female,Normal,High,Positive
Asthma,No,No,Yes,No,45.0,Male,High,High,Negative
Hepatitis B,No,Yes,Yes,No,50.0,Male,Normal,High,Positive
Osteoarthritis,No,No,Yes,No,50.0,Female,High,High,Negative
Anxiety Disorders,Yes,No,Yes,No,29.0,Female,High,High,Positive
Cholera,Yes,No,Yes,Yes,45.0,Male,High,High,Positive
Bronchitis,Yes,Yes,Yes,Yes,45.0,Male,Normal,Normal,Negative
Bronchitis,No,Yes,No,No,38.0,Female,High,Normal,Positive
Diabetes,Yes,Yes,Yes,No,50.0,Female,Normal,Normal,Negative
Osteoporosis,No,No,Yes,No,42.0,Female,High,High,Positive
Migraine,No,Yes,Yes,No,55.0,Male,High,Normal,Negative
Anxiety Disorders,No,No,Yes,No,50.0,Female,Normal,Normal,Negative
Asthma,Yes,No,Yes,Yes,65.0,Female,High,High,Negative
Asthma,Yes,Yes,Yes,No,30.0,Female,Normal,Normal,Negative
Osteoporosis,Yes,No,Yes,No,45.0,Female,Normal,Normal,Positive
Stroke,Yes,No,Yes,No,60.0,Male,High,High,Negative
Kidney Disease,Yes,No,Yes,No,40.0,Female,High,High,Negative
Ulcerative Colitis,No,No,Yes,No,40.0,Female,High,High,Negative
Influenza,No,Yes,Yes,No,35.0,Female,Normal,Normal,Positive
Osteoarthritis,No,No,Yes,No,35.0,Male,High,Normal,Positive
Bronchitis,No,No,Yes,No,45.0,Male,High,Normal,Negative
Diabetes,Yes,No,Yes,No,40.0,Female,Low,High,Negative
Hemophilia,No,No,No,No,35.0,Female,Normal,High,Positive
Stroke,No,No,No,No,55.0,Female,High,High,Negative
Asthma,No,No,Yes,No,30.0,Female,High,High,Negative
Chronic Obstructive Pulmonary Disease,No,No,Yes,No,42.0,Female,Normal,Normal,Negative
Alzheimer's Disease,No,No,Yes,No,45.0,Male,Normal,Normal,Positive
Migraine,No,No,No,No,60.0,Male,High,High,Negative
Osteoporosis,No,Yes,Yes,No,55.0,Female,Normal,Normal,Positive
Eczema,No,Yes,Yes,No,60.0,Male,High,High,Positive
Asthma,No,No,Yes,No,35.0,Female,Normal,Normal,Negative
Migraine,No,No,Yes,No,35.0,Male,High,Normal,Negative
Urinary Tract Infection,No,No,Yes,No,35.0,Male,Normal,Normal,Negative
Osteoporosis,Yes,No,No,No,45.0,Male,High,High,Negative
Eczema,Yes,Yes,Yes,No,55.0,Male,Normal,High,Positive
Asthma,Yes,No,No,No,50.0,Female,High,Normal,Negative
Anxiety Disorders,Yes,Yes,Yes,No,45.0,Male,High,Normal,Negative
Urinary Tract Infection (UTI),Yes,Yes,Yes,No,40.0,Female,Low,High,Negative
Parkinson's Disease,Yes,Yes,No,No,55.0,Male,Normal,Normal,Negative
Osteoporosis,No,No,Yes,No,70.0,Female,Normal,Normal,Positive
Kidney Cancer,No,No,Yes,No,30.0,Female,High,High,Positive
Stroke,No,No,Yes,No,35.0,Female,High,Normal,Negative
Lung Cancer,No,No,No,No,60.0,Female,High,High,Positive
Hypertension,Yes,Yes,Yes,No,35.0,Male,High,Normal,Negative
Hypertension,No,No,Yes,No,50.0,Female,High,High,Negative
Liver Disease,Yes,No,Yes,No,42.0,Female,Normal,High,Negative
Influenza,No,Yes,Yes,Yes,65.0,Female,High,High,Positive
Pneumonia,No,Yes,Yes,No,45.0,Female,Normal,High,Positive
Stroke,Yes,Yes,Yes,No,65.0,Female,High,High,Negative
Diabetes,Yes,No,No,No,35.0,Male,High,High,Positive
Migraine,No,Yes,Yes,No,65.0,Male,High,Normal,Positive
Migraine,Yes,Yes,Yes,No,45.0,Male,Normal,Normal,Positive
Psoriasis,No,No,Yes,No,55.0,Male,High,High,Positive
Diabetes,No,Yes,No,No,30.0,Female,High,Normal,Negative
Hypertension,No,Yes,No,No,30.0,Male,High,High,Negative
Urinary Tract Infection,No,Yes,Yes,No,65.0,Male,Normal,Low,Positive
Allergic Rhinitis,No,No,Yes,No,35.0,Female,Normal,High,Negative
Anxiety Disorders,No,Yes,Yes,Yes,40.0,Male,High,Normal,Negative
Fever,No,No,No,No,35.0,Male,Normal,Normal,Negative
Migraine,No,Yes,Yes,No,45.0,Male,Normal,Normal,Negative
Kidney Disease,Yes,Yes,Yes,No,30.0,Female,High,Normal,Positive
Anxiety Disorders,No,Yes,Yes,Yes,57.0,Male,Normal,High,Negative
Migraine,No,No,Yes,No,60.0,Female,Normal,High,Negative
Osteoarthritis,Yes,No,Yes,Yes,35.0,Female,Normal,High,Negative
Migraine,Yes,Yes,Yes,Yes,60.0,Female,Normal,High,Positive
Osteoporosis,No,No,No,No,40.0,Male,High,Normal,Positive
Depression,Yes,No,Yes,No,50.0,Male,High,High,Negative
Hepatitis,Yes,Yes,No,Yes,45.0,Male,High,High,Positive
Hypothyroidism,Yes,Yes,No,No,40.0,Female,High,Normal,Negative
Prader-Willi Syndrome,No,No,Yes,No,45.0,Male,Normal,Normal,Negative
Hypertension,Yes,Yes,Yes,No,60.0,Female,High,High,Negative
Asthma,Yes,No,Yes,Yes,50.0,Female,High,High,Positive
Anxiety Disorders,Yes,Yes,Yes,No,50.0,Male,Normal,High,Positive
Osteoarthritis,Yes,No,Yes,Yes,40.0,Female,Normal,Normal,Positive
Eczema,Yes,No,Yes,No,45.0,Female,High,Normal,Positive
Diabetes,No,Yes,Yes,No,60.0,Male,Normal,Normal,Negative
Hyperthyroidism,No,No,Yes,Yes,35.0,Male,Normal,High,Positive
Gastroenteritis,No,Yes,Yes,No,55.0,Male,High,Normal,Negative
Malaria,No,No,Yes,No,55.0,Female,Normal,Normal,Positive
Pancreatitis,Yes,No,Yes,No,35.0,Male,High,High,Positive
Diabetes,Yes,No,Yes,No,30.0,Female,High,Normal,Positive
Osteoarthritis,Yes,No,Yes,No,35.0,Male,Normal,High,Positive
Blood Pressure,No,Yes,Yes,No,60.0,Female,High,High,Positive
Influenza,No,Yes,No,No,70.0,Male,Normal,Normal,Negative
Osteoporosis,No,Yes,Yes,No,45.0,Male,High,High,Negative
Urinary Tract Infection,Yes,Yes,Yes,No,35.0,Male,High,High,Negative
Kidney Cancer,No,No,Yes,No,45.0,Female,High,High,Positive
Typhoid Fever,Yes,Yes,Yes,Yes,60.0,Female,Normal,Normal,Positive
Gastroenteritis,Yes,No,Yes,No,52.0,Male,High,Normal,Positive
Asthma,No,Yes,No,No,50.0,Female,High,Normal,Negative
Influenza,Yes,No,Yes,Yes,45.0,Male,Normal,Normal,Negative
Parkinson's Disease,No,No,No,No,45.0,Male,High,High,Positive
Stroke,No,Yes,Yes,No,40.0,Male,Normal,Normal,Negative
Stroke,Yes,No,Yes,No,55.0,Male,High,Low,Positive
Osteoporosis,Yes,Yes,Yes,Yes,45.0,Male,High,High,Positive
Stroke,Yes,Yes,Yes,Yes,50.0,Female,High,High,Negative
Asthma,Yes,No,Yes,Yes,70.0,Female,Normal,High,Positive
Rheumatoid Arthritis,No,No,No,No,40.0,Female,High,High,Positive
Osteoporosis,Yes,Yes,Yes,No,50.0,Male,High,High,Positive
Osteoporosis,No,No,Yes,No,45.0,Male,Normal,Normal,Negative
Gastroenteritis,No,No,No,No,30.0,Male,Normal,High,Negative
Liver Disease,Yes,Yes,Yes,No,30.0,Female,Normal,Normal,Positive
Hypertension,No,No,No,No,55.0,Male,Normal,Normal,Positive
Liver Disease,No,Yes,Yes,No,30.0,Male,Normal,Normal,Negative
Tetanus,No,Yes,No,No,35.0,Male,High,Normal,Negative
Kidney Cancer,No,Yes,Yes,No,60.0,Male,High,Normal,Positive
Hyperthyroidism,No,No,No,No,38.0,Female,High,High,Positive
Migraine,Yes,Yes,Yes,Yes,65.0,Male,High,High,Positive
Asthma,No,No,No,No,30.0,Female,Normal,Normal,Positive
Anxiety Disorders,Yes,No,Yes,No,30.0,Female,High,Normal,Positive
Bronchitis,No,Yes,No,No,22.0,Male,High,High,Positive
Urinary Tract Infection,No,No,Yes,No,50.0,Male,High,High,Positive
Osteoporosis,Yes,No,Yes,No,40.0,Male,High,Normal,Positive
Asthma,Yes,Yes,Yes,Yes,50.0,Female,Normal,Normal,Negative
Asthma,Yes,Yes,Yes,No,60.0,Female,High,Normal,Negative
Alzheimer's Disease,No,No,Yes,No,50.0,Male,Normal,High,Positive
Hypertension,Yes,Yes,Yes,No,55.0,Male,High,Normal,Positive
Pneumonia,Yes,Yes,Yes,Yes,45.0,Male,High,High,Positive
Pancreatitis,No,Yes,Yes,No,40.0,Male,High,High,Negative
Multiple Sclerosis,Yes,Yes,No,Yes,40.0,Male,High,High,Negative
Eczema,No,No,Yes,No,38.0,Male,High,High,Positive
Coronary Artery Disease,No,No,Yes,No,70.0,Male,Normal,High,Positive
Kidney Disease,Yes,No,Yes,No,19.0,Male,High,High,Positive
Pancreatic Cancer,No,Yes,Yes,No,50.0,Male,High,High,Positive
Asthma,Yes,Yes,Yes,Yes,45.0,Female,High,High,Positive
Hypertension,No,No,No,No,55.0,Female,Normal,High,Negative
Liver Disease,No,No,Yes,Yes,70.0,Female,High,Low,Positive
Asthma,No,No,No,No,65.0,Female,Normal,High,Negative
Osteoporosis,Yes,Yes,Yes,Yes,35.0,Female,High,Normal,Positive
Osteoarthritis,No,No,Yes,No,30.0,Female,High,High,Negative
Crohn's Disease,No,No,Yes,No,50.0,Male,High,High,Positive
Cough,Yes,No,Yes,No,60.0,Male,High,High,Positive
Hypertension,Yes,No,Yes,No,65.0,Male,High,High,Positive
Influenza,No,No,Yes,No,60.0,Male,High,High,Positive
Pneumonia,No,Yes,Yes,Yes,40.0,Male,High,High,Positive
Eczema,No,No,Yes,No,40.0,Female,High,Normal,Positive
Stroke,Yes,Yes,Yes,Yes,35.0,Male,Normal,High,Positive
Diabetes,No,Yes,Yes,No,42.0,Female,High,High,Positive
Hypertension,No,No,Yes,No,35.0,Female,High,High,Negative
Asthma,Yes,No,Yes,No,45.0,Male,High,Normal,Positive
Liver Disease,No,Yes,Yes,Yes,55.0,Female,High,Normal,Positive
Pneumonia,No,Yes,No,No,65.0,Male,High,Normal,Negative
Osteoporosis,Yes,No,Yes,No,30.0,Male,Normal,High,Negative
Stroke,No,No,Yes,No,55.0,Female,Normal,High,Positive
Migraine,No,No,Yes,No,70.0,Male,High,Normal,Positive
Asthma,Yes,Yes,Yes,Yes,48.0,Male,High,High,Negative
Liver Cancer,No,Yes,No,No,45.0,Male,High,High,Positive
Ulcerative Colitis,No,Yes,Yes,Yes,45.0,Male,High,High,Negative
HIV/AIDS,No,No,Yes,No,35.0,Female,High,Normal,Negative
Osteoporosis,No,No,Yes,No,35.0,Male,High,Normal,Positive
Asthma,No,No,No,No,30.0,Male,Normal,High,Positive
Asthma,Yes,Yes,Yes,No,50.0,Female,Normal,High,Negative
Urinary Tract Infection,No,No,Yes,No,30.0,Male,Normal,High,Positive
Zika Virus,Yes,No,Yes,Yes,35.0,Female,High,High,Negative
Migraine,Yes,Yes,Yes,No,30.0,Male,Normal,Normal,Positive
Stroke,No,Yes,Yes,No,60.0,Female,Normal,High,Positive
Ulcerative Colitis,Yes,No,No,No,50.0,Female,High,Normal,Positive
Osteoporosis,No,Yes,Yes,No,45.0,Male,High,Normal,Negative
Influenza,Yes,Yes,Yes,No,30.0,Male,Normal,Normal,Positive
Asthma,No,Yes,Yes,No,35.0,Male,Normal,High,Negative
Osteoarthritis,No,No,Yes,No,55.0,Male,High,High,Negative
Alzheimer's Disease,Yes,Yes,Yes,No,30.0,Male,Normal,High,Negative
Coronary Artery Disease,No,No,Yes,No,40.0,Female,High,Normal,Positive
Migraine,Yes,Yes,Yes,No,55.0,Female,Normal,High,Positive
Migraine,Yes,No,Yes,No,55.0,Male,High,High,Positive
Parkinson's Disease,Yes,Yes,Yes,Yes,80.0,Male,High,High,Positive
Diabetes,Yes,Yes,Yes,Yes,45.0,Female,Normal,High,Positive
Depression,Yes,No,No,No,61.0,Female,High,High,Positive
Stroke,No,Yes,Yes,No,60.0,Male,High,High,Negative
